# mica-vectors-derivation v1: refused vector, relation, the valid vector it is written against.
#   edit-of     a small edit of that vector: at most two changed lines, and not identical.
#   reorder-of  exactly that vector's rows in another order, so ORDER IS THE ONLY RULE IT CAN
#               BREAK -- an argument about what cannot differ, not about what a re-parse returns.
#   minimal-of  an independently written minimal lock of the same shape, so no line bound
#               applies -- the sibling names the shape rather than the source text.
# Declared because the intent otherwise exists only in whoever wrote the fixture, and because
# pairing by smallest diff picks the wrong sibling (release-lock.md 9.3).
lock/refused/asset-without-bundle.lock	edit-of	lock/valid/mica-build.uefi-x64.lock
lock/refused/board-component.lock	edit-of	lock/valid/mica-build.uefi-x64.lock
lock/refused/board-components.lock	edit-of	lock/valid/mica-build.uefi-x64.lock
lock/refused/board-duplicate-component.lock	edit-of	lock/valid/mica-build.uefi-x64.lock
lock/refused/build-only-kind.lock	edit-of	lock/valid/mica-core.lock
lock/refused/bundle-without-product.lock	edit-of	lock/valid/mica-build.uefi-x64.lock
lock/refused/column-count.lock	minimal-of	lock/valid/mica-core.lock
lock/refused/data-columns.lock	edit-of	lock/valid/mica-system-base.lock
lock/refused/data-duplicate.lock	edit-of	lock/valid/mica-system-base-data.lock
lock/refused/data-file.lock	edit-of	lock/valid/mica-system-base-data.lock
lock/refused/data-name.lock	edit-of	lock/valid/mica-system-base.lock
lock/refused/data-sort-order.lock	edit-of	lock/valid/mica-system-base.lock
lock/refused/duplicate-key.lock	edit-of	lock/valid/mica-core.lock
lock/refused/empty-line.lock	edit-of	lock/valid/mica-core.lock
lock/refused/header.lock	edit-of	lock/valid/mica-core.lock
lock/refused/image-platform.lock	minimal-of	lock/valid/mica-build-env.lock
lock/refused/image-registry.lock	edit-of	lock/valid/mica-build-env.lock
lock/refused/image-source-reference.lock	edit-of	lock/valid/mica-build-env.lock
lock/refused/image-source.lock	edit-of	lock/valid/mica-build-env.lock
lock/refused/local-reference-in-release.lock	edit-of	lock/valid/mica-core.lock
lock/refused/package-without-pool.lock	minimal-of	lock/valid/mica-core.lock
lock/refused/reference-without-digest.lock	edit-of	lock/valid/mica-core.lock
lock/refused/registry-reference-offline.lock	edit-of	lock/valid/offline-mica-core.lock
lock/refused/release-missing.lock	edit-of	lock/valid/mica-core.lock
lock/refused/release-not-first.lock	reorder-of	lock/valid/mica-core.lock
lock/refused/release-slash.lock	edit-of	lock/valid/mica-build.uefi-x64.lock
lock/refused/release-value.lock	edit-of	lock/valid/mica-core.lock
lock/refused/repository-mismatch.lock	edit-of	lock/valid/mica-core.lock
lock/refused/scope-two-dots.lock	edit-of	lock/valid/mica-build.uefi-x64.basic.lock
lock/refused/scoped-release-not-allowed.lock	edit-of	lock/valid/mica-core.lock
lock/refused/trailing-tab.lock	edit-of	lock/valid/mica-core.lock
lock/refused/unknown-kind.lock	edit-of	lock/valid/mica-core.lock
lock/refused/unscoped-release.lock	edit-of	lock/valid/mica-build.uefi-x64.lock
lock/refused/unsorted.lock	reorder-of	lock/valid/mica-core.lock
lock/refused/update-full.lock	edit-of	lock/valid/mica-build.uefi-x64.lock
lock/refused/update-kind.lock	edit-of	lock/valid/mica-build.uefi-x64.lock
lock/refused/upstream-image-republished.lock	edit-of	lock/valid/mica-build-env.lock
lock/refused/upstream-image-without-digest.lock	edit-of	lock/valid/mica-build-env.lock
lock/refused/upstream-outside-base.lock	edit-of	lock/valid/mica-core.lock
upstream/refused/git-short-commit.lock	edit-of	upstream/valid/upstream.lock
upstream/refused/image-republished.lock	edit-of	upstream/valid/upstream.lock
upstream/refused/image-without-digest.lock	edit-of	upstream/valid/upstream.lock
upstream/refused/other-kind.lock	edit-of	upstream/valid/upstream.lock
upstream/refused/release-row.lock	edit-of	upstream/valid/upstream.lock
upstream/refused/repository-source.lock	edit-of	upstream/valid/upstream.lock
upstream/refused/source-without-sha256.lock	edit-of	upstream/valid/upstream.lock
upstream/refused/unsorted.lock	reorder-of	upstream/valid/upstream.lock
lock/refused/apt-duplicate.lock	edit-of	lock/valid/mica-system-base.lock
lock/refused/apt-snapshot.lock	edit-of	lock/valid/mica-system-base.lock
lock/refused/apt-suite.lock	edit-of	lock/valid/mica-system-base.lock
lock/refused/core-row.lock	edit-of	lock/valid/mica-core-components.lock
lock/refused/item-without-pool.lock	minimal-of	lock/valid/mica-podman-items.lock
lock/refused/item-type.lock	edit-of	lock/valid/mica-podman-items.lock
lock/refused/item-sort-order.lock	reorder-of	lock/valid/mica-podman-items.lock
lock/refused/item-columns.lock	edit-of	lock/valid/mica-podman-items.lock
lock/refused/item-duplicate.lock	edit-of	lock/valid/mica-podman-items.lock
lock/refused/item-version.lock	edit-of	lock/valid/mica-podman-items.lock
